1,1.0578144,0.0568892,-0.1392866,0.0674745,-0.07317
2,1.0255134,0.2587759,0.0507179,-0.1396585,0.0045476
3,0.9816412,0.1065561,-0.0604434,-0.0472573,0.1929483
4,0.9634015,-0.2439366,-0.1054767,-0.1222237,-0.1736821
5,1.0194926,-0.1073145,-0.2288718,-0.0376305,0.0697215
6,0.9985673,-0.131371,0.108181,-0.0840897,-0.0056069
7,1.1050322,0.1097691,0.0243569,0.1606202,-0.0805992
8,1.1396184,-0.1104103,0.1181399,-0.0535541,-0.0061527
9,1.0257042,0.1662055,-0.0712927,-0.0451012,-0.0371841
10,1.0271787,0.0222026,-0.0587065,-0.0930459,-0.1392985
11,0.8579379,0.0763152,-0.00297,0.0061174,0.1274094
12,1.0620842,0.0461589,-0.1396598,0.1440892,-0.1037386
13,1.0141702,0.0124179,-0.1827926,0.0950394,-0.0450934
14,0.8939629,-0.0769997,0.0090019,0.0435612,0.1159814
15,1.043434,-0.1198084,0.0279433,0.1505576,-0.0706895
16,1.1493055,0.0355014,0.0030468,-0.0472942,0.08585
17,1.0790627,0.1326097,0.1001464,0.0073481,0.1047576
18,0.8512936,-0.1097382,-0.0313357,0.0197765,0.1952946
19,1.0397289,-0.0008082,-0.1146048,0.0005447,0.1038948
20,0.8593601,-0.1172058,-0.0067156,-0.0012306,0.1195216
21,1.0298911,-0.0910792,-0.0326118,-0.0185944,-0.1098325
22,0.9193932,-0.0165272,0.066032,-0.1348685,0.1219343
23,0.9460851,0.0765952,-0.0482715,-0.077933,0.0731352
24,1.0837375,-0.0849696,-0.0428246,0.0225662,0.0475035
25,1.0734924,-0.0422653,-0.1415135,0.2332795,0.0691713
26,0.9953862,0.0108697,-0.0483035,-0.0565303,0.1561853
27,1.1423293,0.0642392,0.0340126,-0.0051301,-0.0334037
28,0.8288112,-0.0201986,0.0401858,-0.0677258,0.0210945
29,1.0644181,0.0664261,0.0129646,0.0529128,0.0124967
30,1.0584462,-0.1062064,-0.2089481,-0.0741989,-0.151482
31,1.1131588,0.1651424,0.0394752,-0.0211012,0.0727393
32,1.0358327,0.0337281,0.0284439,0.0031198,0.0646733
33,0.985803,0.0906349,0.073197,0.0337437,0.1038454
34,0.9919476,0.081741,0.0813155,-0.0449881,0.0676456
35,0.8700304,0.0544205,-0.0539245,-0.0175083,-0.0195435
36,1.1844662,0.0984506,-0.1017677,-0.0943496,-0.0407827
37,0.8771706,-0.1305446,0.0188636,0.0014751,-0.0981084
38,1.0341379,0.165335,0.0267273,0.0958509,-0.0286454
39,1.0541259,-0.0019669,-0.1869981,0.0552557,-0.1400985
40,1.040498,-0.0134255,0.0074495,0.0401627,0.1013538
41,0.9814395,0.0752896,-0.0176393,-0.0517196,-0.1409144
42,1.0331004,0.0710682,-0.1630885,-0.1731552,-0.1255635
43,1.036501,0.0830391,0.1526024,0.1155046,-0.1177869
44,0.9403902,-0.0024422,0.0258085,0.0247958,0.1717388
45,0.9142573,0.114275,-0.050598,0.1629723,0.0104252
46,0.8966392,-0.0575915,-0.0035837,-0.0832149,0.0552454
47,0.9618682,-0.0026493,0.0681345,-0.1173518,-0.0539226
48,1.0236417,0.0092974,0.0844516,0.00981,-0.1058473
49,0.9757359,-0.0464084,0.1669166,-0.0376109,-0.0359662
50,0.991953,0.0737,0.0013073,0.0681471,-0.0946203
51,0.9359752,-0.1044415,0.0552776,0.0693322,-0.2010015
52,0.9364787,0.1576417,0.016747,0.0598394,-0.0048112
53,1.0335952,0.2061315,-0.1461704,-0.0681675,-0.0052368
54,0.8834689,-0.0464714,-0.0809941,-0.180178,0.1530339
55,0.9562954,0.0448356,0.0500202,-0.1623603,-0.000609
56,1.0929072,0.0341632,-0.0540414,-0.1395145,0.0063404
57,0.7630098,0.1016298,-0.0247184,-0.0823556,0.0208665
58,0.941826,-0.1253741,0.0620843,-0.0858754,0.0398249
59,0.9981787,-0.0189166,-0.0151952,0.0289569,-0.1253532
60,1.0161298,0.129629,-0.0200725,-0.1464287,-0.0261774
61,0.891171,-0.0078426,-0.211386,0.0832687,-0.0262258
62,0.9772652,-0.1232751,0.1302974,0.0081082,0.0926987
63,1.0915729,0.0251509,0.0590841,0.1590946,-0.1840733
64,0.9007301,-0.140473,-0.1427348,0.0764823,0.121853
65,1.1095413,-0.1284818,-0.0522834,0.1198106,-0.0201439
66,1.0258971,0.1726038,-0.1164075,0.0504353,-0.1382827
67,0.9218848,-0.0660005,0.0621946,-0.0012354,-0.0857987
68,1.0716078,0.1296377,0.0010211,0.0642986,-0.0474989
69,1.0340403,-0.0165082,0.0407602,0.2000439,0.0207059
70,1.0047948,-0.1340427,0.043642,-0.0397889,0.0573651
71,0.9141084,-0.0984091,-0.002017,0.087584,0.0297947
72,0.9447753,0.1181984,-0.0269625,0.0709766,0.0470854
73,1.1811532,0.0256624,-0.0170697,0.0073384,-0.0278796
74,1.1010193,0.0561758,-0.0536841,0.1077561,-0.1021912
75,0.9425885,0.0804207,-0.0315124,-0.0483789,0.0595982
76,1.0834154,-0.0700349,0.0781078,0.0514602,-0.1942801
77,0.8836751,-0.0257013,0.0544493,0.0294247,-0.0909823
78,1.0154023,0.0750895,-0.0745262,0.0284183,-0.0983302
79,0.9689516,0.0601221,-0.0007895,-0.0594789,-0.0508299
80,0.9332312,0.0800104,-0.0807619,0.143171,-0.0335092
81,1.0294184,-0.1887711,0.1646763,-0.0301826,0.0191693
82,1.117942,0.0466427,0.1142146,-0.0035133,-0.0636479
83,1.0791495,0.1702821,-0.1120567,-0.1271825,-0.0634178
84,0.9467823,0.066275,0.1021532,0.0670204,-0.043194
85,1.0613886,0.1458475,-0.0608515,-0.0320454,0.1271716
86,1.0458343,-0.0765467,0.0045643,-0.0883234,-0.0784684
87,1.0948387,-0.1075474,0.1686228,0.0566726,-0.0861124
88,1.1138525,0.0503978,0.0032634,-0.0070002,0.0133691
89,0.8811023,-0.0132886,0.0369312,0.074193,-0.1364856
90,0.8005511,0.0049925,-0.0052448,0.1187925,-0.1858742
91,0.9464315,0.0188155,0.0516295,-0.122543,0.0832733
92,0.8705709,0.0002786,-0.1246875,0.1565038,-0.053805
93,0.8955287,-0.036025,-0.1349202,0.0309189,0.0431725
94,0.9493007,0.041314,0.1038114,0.0182067,-0.1600687
95,1.1167916,-0.1598551,-0.0040693,-0.1644445,-0.143413
96,1.1162151,-0.0436794,-0.0245927,-0.3281981,-0.1849421
97,0.8860001,0.0697475,-0.186639,0.1308662,0.008356
98,0.9897246,0.0784826,0.1730553,-0.0042314,0.1073491
99,1.0807025,-0.0314511,0.1143615,-0.0980974,0.0449455
100,0.9594469,0.1380157,-0.0988609,-0.0991488,0.0491758
101,0.9076405,0.1337533,0.2547724,-0.0350231,0.1210763
102,1.0064734,0.0454517,-0.0887017,-0.1293425,0.0247549
103,0.9374751,-0.0266569,0.1321427,-0.0360811,-0.0270562
104,1.2152975,-0.0110277,-0.0740787,0.0337549,0.0505672
105,0.9836946,0.077549,0.0857775,0.0632566,-0.0331475
106,0.9387495,-0.1381012,-0.0030297,0.092114,-0.0397767
107,0.8058233,-0.1056601,-0.0925874,-0.0090442,0.0774898
108,1.0761097,0.0854294,0.05831,0.079919,-0.0037
109,0.8196626,0.0754641,0.0115556,0.1914195,-0.0501064
110,1.0073647,0.1246916,-0.0737803,-0.0107395,-0.0490044
111,0.7851504,-0.2481652,0.0939461,-0.2193379,0.1443638
112,1.000598,-0.0384798,-0.2243247,0.0013242,-0.0677063
113,0.962051,0.2398837,0.0455925,0.1391512,-0.094573
114,1.0700462,0.1161441,-0.0291607,0.0023173,-0.1019007
115,0.9337563,-0.0921162,0.1479025,-0.2078404,0.2541926
116,1.017708,0.0561742,-0.089269,0.1255019,-0.1270175
117,0.9082925,-0.1630324,-0.1228354,-0.0903906,0.0148662
118,1.0688912,-0.1704291,0.2068578,-0.0934193,0.0542065
119,1.0372159,0.0721391,-0.0214283,0.0104385,-0.0787537
120,1.1382198,0.0722028,0.2614527,0.1179565,-0.0375196
121,1.0317321,0.2144173,0.0088852,-0.0427715,0.1899916
122,0.9059836,-0.1673722,-0.0898372,-0.0210226,0.0481671
123,1.0373059,0.0607384,-0.0400083,0.1565872,0.0129839
124,1.0934238,-0.0022898,-0.2116621,0.1347881,0.0716633
125,0.9679987,0.0028843,0.0490198,0.1501449,0.0403051
126,1.0046087,0.2122882,0.1508309,-0.0355435,0.0312946
127,1.1267013,-0.0929993,0.0421114,0.0755822,-0.0286526
128,1.0273759,-0.0959032,0.0136666,-0.0829656,0.0234654
129,0.9113571,0.1047935,-0.0609959,-0.0650455,0.0330919
130,0.9631588,0.0454176,-0.1059902,0.0972873,-0.0503679
131,0.944837,0.1471466,0.0561426,0.021282,-0.0038476
132,0.983063,-0.0821297,0.0370827,-0.1165033,-0.0237699
133,0.9984826,-0.0640633,0.0381106,0.033608,0.1634468
134,0.9226866,-0.0442003,-0.1475031,-0.1558611,-0.1181367
135,0.9996061,-0.0979502,0.0688514,0.0751765,-0.1425206
136,0.9076375,-0.0773201,-0.1776676,-0.1118925,-0.0906164
137,1.0968857,0.1841845,0.1167935,-0.0240781,0.1223275
138,1.0436342,0.0247051,0.0531874,-0.1583448,-0.1416716
139,1.1152886,0.0304899,0.172658,0.1067828,0.0455363
140,1.044573,-0.0866771,-0.0689663,0.0124191,0.1780869
141,0.9224263,-0.0683893,-0.0865703,0.1739909,-0.0274501
142,1.2246049,0.1901531,0.0618751,0.0075002,-0.0321843
143,1.2101989,-0.1181332,0.3148304,-0.0026992,0.0438511
144,1.1168247,0.0068872,0.1013584,-0.0182921,0.0393678
145,1.0424855,0.0906477,-0.1119562,0.0749985,-0.2475544
146,1.029774,-0.1569308,0.1753247,0.0776164,0.0707253
147,1.0438684,-0.0220902,-0.0084045,-0.1324363,-0.1030436
148,0.9641538,-0.1376458,-0.1458296,-0.0756049,-0.0035189
149,0.958893,0.0688217,0.1201176,-0.0082055,0.085228
150,0.8787811,0.0844946,0.1240571,0.0486058,0.0315641
151,0.8995366,0.0560792,-0.0793408,0.2984766,-0.0989776
152,1.0130235,0.1170414,0.0572823,0.063233,0.0429781
153,0.8584245,0.0665709,-0.0868047,0.0542499,-0.0026018
154,0.9392854,-0.0715166,0.0072787,-0.0220471,0.2772788
155,1.0024446,-0.0465463,-0.0573448,-0.078978,-0.2142383
156,1.1376277,-0.0955798,-0.2100321,-0.1450297,0.1205941
157,1.117676,-0.1411908,0.0659739,0.080043,-0.0270295
158,1.0425674,-0.1380232,-0.0881909,-0.0140707,-0.0441088
159,0.9687487,0.0550105,0.0341091,0.0858968,-0.0585865
160,0.9928097,0.0441976,0.0424536,-0.0176693,-0.0026347
161,0.9664275,0.1246185,0.0177578,-0.009374,-0.0378739
162,1.0428017,-0.0971597,0.1252887,0.0765939,0.0235873
163,0.9817729,-0.0616952,-0.1532096,0.0929803,0.0740491
164,1.0205387,0.3114592,-0.0245345,-0.1207733,-0.0887689
165,0.9539062,0.0000595,0.2428078,-0.1000742,0.1674597
166,0.9274038,0.0684812,0.0430804,0.2133008,0.0745329
167,0.9514656,0.2237143,0.0170611,0.0424622,0.0302197
168,1.0609296,0.0339418,0.051738,0.0186126,-0.0116856
169,1.0827337,0.0385971,0.1664836,0.022938,0.0569601
170,0.9649216,-0.1005061,-0.030485,0.1405275,0.0117232
171,1.1145054,-0.045497,0.2026672,0.0555686,-0.132752
172,1.1352713,-0.1551806,0.0324404,0.0369046,-0.0548765
173,0.8996192,-0.1622618,0.0269818,0.0004025,-0.117053
174,0.9690637,0.0784098,0.0157064,0.0318866,0.1764539
175,0.9729492,-0.1481832,-0.2526965,-0.0257133,-0.0549961
176,0.9947454,-0.0046768,0.1148745,0.1272905,0.0132638
177,1.1881492,-0.1475037,-0.0219815,-0.0423889,-0.0648169
178,1.0447747,0.0678353,-0.0421259,-0.0436372,-0.0429453
179,1.0712416,0.0297455,0.1148053,-0.0661314,0.0639219
180,1.1285551,0.1955787,0.1526815,0.0359402,0.0778765
181,0.9909764,-0.0341548,0.0319778,-0.0428646,0.0910651
182,1.1816207,0.029795,0.1245072,-0.0530414,0.1928736
183,1.0312173,-0.0189545,0.0859903,-0.0349074,0.0212733
184,0.9019493,0.0615377,-0.1043951,-0.1761347,0.0401771
185,1.0284225,0.0270164,-0.0881292,0.2366526,0.1429437
186,1.0085585,-0.0199845,0.1382372,0.0208569,0.014056
187,0.9627006,0.1246857,0.0213687,-0.0469768,-0.0259741
188,1.1033112,0.0098571,0.053354,-0.0359984,0.0886991
189,0.9494341,-0.0060658,-0.0014461,-0.077309,-0.0420764
190,1.011389,-0.0043414,0.041999,-0.0805973,0.0458593
191,1.0106852,0.0999943,0.0615355,0.1119429,0.1732384
192,1.061842,-0.1366257,0.0397148,-0.0175057,-0.1320135
193,1.0704209,-0.0274601,-0.0284915,0.0662818,-0.099609
194,1.0733829,0.1156166,-0.0308515,0.0302372,0.097213
195,1.0033403,-0.0103574,-0.0290311,0.1672579,0.0396917
196,0.9522051,0.0377533,0.1076267,-0.0676604,-0.1232617
197,0.9758368,0.0225198,-0.024978,0.0453713,-0.0999951
198,0.8210446,-0.1716501,0.0714259,0.0315134,-0.0138667
199,0.9135036,0.0877062,0.134338,0.0801349,0.2627942
200,1.191246,0.1849721,-0.183544,0.0938051,-0.0309562
201,0.055181,0.9128687,-0.1346567,-0.1968472,-0.1033217
202,-0.0361818,1.0658961,-0.0054676,-0.0193646,-0.1240247
203,-0.0925799,0.9167268,-0.0494342,0.0748935,-0.0129413
204,-0.0134897,0.9923766,0.0151488,0.1131103,-0.0119199
205,-0.1709512,0.8463838,0.0759525,-0.0354823,0.1326251
206,-0.0072933,0.9815595,0.2789719,0.1026535,0.1339393
207,0.177326,0.8234078,-0.0993511,0.1653621,-0.0377039
208,-0.1283441,1.0525005,0.0649226,0.1191992,0.0481455
209,0.0753456,0.9937424,0.053832,-0.0627005,-0.1619245
210,-0.1185688,0.9147876,0.1806018,-0.109651,-0.2956179
211,0.1536927,0.9033101,0.0871808,0.1348562,0.1215981
212,0.0081655,1.1863192,0.1618804,0.1431009,0.0226943
213,0.2240287,0.9327848,0.0789959,0.0174147,-0.0498546
214,0.1200065,1.0391629,0.1441714,0.0564928,-0.124467
215,0.1087754,1.0542263,-0.0994369,0.1974941,-0.0363463
216,0.0521999,0.939861,0.1469061,-0.0676037,0.0241
217,-0.2507082,1.0881063,0.2014911,0.0342619,0.0629695
218,0.0432563,0.9044537,-0.0936556,-0.0266388,-0.164665
219,0.0208753,1.0521533,0.079887,-0.0445882,0.012119
220,-0.0387037,0.9673527,0.1312258,0.0011089,0.0530888
221,-0.0580325,0.8387085,0.0384528,-0.1418587,0.0575245
222,0.0580922,0.882348,-0.0271686,-0.0280413,-0.0382921
223,-0.2778223,0.8611584,-0.0318997,0.1496306,0.0640947
224,0.0335699,0.9383127,0.0869416,0.0580895,-0.0113769
225,-0.0777953,0.9439991,-0.040045,-0.1776263,-0.0627513
226,0.219674,0.8289939,-0.0097547,-0.0280447,-0.1817863
227,-0.0020307,1.0975197,0.1500879,-0.0436269,-0.0415936
228,0.0329514,0.9762531,0.0234926,-0.0476452,0.0725093
229,0.0617529,0.9529187,0.0276357,0.1987977,0.0321148
230,-0.0626362,0.9332773,0.2287096,0.0249624,-0.0796749
231,0.206888,1.1504978,0.1329019,-0.1791475,0.1798748
232,0.0287343,0.9841878,-0.1574424,-0.0539867,-0.074468
233,-0.0373055,0.8415199,-0.0767552,0.0786086,0.0299485
234,-0.086974,0.9983012,0.124579,-0.0129844,-0.1815793
235,-0.108199,0.9625011,-0.0845122,0.2159196,-0.0411125
236,0.0530659,0.7213434,0.0814584,-0.0241492,0.0650898
237,-0.016761,1.0539501,0.0048721,0.0935749,0.1397385
238,0.0014508,1.2017213,0.06156,-0.0306156,0.1777615
239,-0.0793753,1.0376749,0.0997015,-0.0328491,-0.0701197
240,0.0194258,1.0960727,-0.0108254,0.0286278,-0.0904459
241,0.0845196,1.1774418,0.2345251,0.0003289,-0.0241566
242,0.1023419,0.9346192,0.0397216,-0.0389712,-0.0876326
243,0.0197961,1.2943907,-0.2896552,0.1360392,0.1721268
244,0.0514408,1.1693925,0.0424208,-0.1291004,0.0934065
245,-0.1159331,1.0681375,-0.0095553,0.0344265,-0.0111182
246,-0.0805902,1.0934689,-0.192187,-0.0936345,-0.3520232
247,-0.1157086,0.9656121,-0.026242,-0.0542355,0.0786849
248,0.0251388,1.1390029,0.0118649,0.0389971,-0.0194546
249,-0.0514247,0.9425231,0.0102098,0.0201803,-0.042151
250,-0.0594016,0.9891949,-0.1019112,0.1603343,0.0722118
251,0.1769053,0.9248904,-0.138474,-0.2296398,-0.0611362
252,0.1424925,1.1165536,0.0163458,0.0561943,0.0940036
253,0.0005029,0.9404146,-0.0187384,-0.0061461,-0.0317069
254,-0.1186765,0.8656992,0.1280317,0.0505684,0.0353621
255,0.0604791,0.9396453,-0.1770306,0.1488217,0.179019
256,-0.0891779,0.9759355,-0.0415087,0.110127,-0.0767428
257,0.0304489,1.0449232,0.0579449,0.3125867,0.101384
258,-0.0251306,1.0395902,0.042557,-0.019671,-0.0410987
259,-0.2496602,1.2853099,-0.1319409,-0.0765159,0.2045576
260,-0.040378,1.0683772,-0.1324862,0.0720111,-0.000754
261,-0.0203924,1.0869864,-0.1063797,0.0732223,0.172865
262,0.0684504,1.1836888,-0.0878178,-0.0824816,-0.0606388
263,0.0851636,0.8821961,-0.060998,-0.0034551,0.0698061
264,-0.0248131,1.2180537,-0.0643468,-0.1043059,0.0440738
265,0.1027842,1.1181036,-0.1465296,0.0223837,0.0422038
266,0.0190608,1.0662815,-0.2399727,-0.1044195,-0.045125
267,0.1365959,1.0201476,0.0020294,-0.2755073,0.0387614
268,0.022498,1.0085557,-0.1171862,0.1697123,0.0130189
269,0.2341786,0.929656,-0.0304442,-0.039334,0.0926281
270,-0.0346215,1.1905853,-0.141899,0.0158455,-0.0962202
271,-0.1073833,1.0633944,-0.0095414,-0.0301778,0.0301215
272,0.0175441,1.0283344,0.0693086,0.1193041,0.0704071
273,0.0725002,0.9476857,0.1327497,0.0858443,-0.0669038
274,-0.1976115,1.0218185,0.1377418,-0.0595193,0.1594935
275,-0.0199186,0.9652833,-0.1603863,-0.1216421,0.0847319
276,0.1373782,1.0144782,-0.0113708,-0.0372128,0.0335734
277,-0.0157745,0.8690448,0.1388653,-0.1005605,0.0751791
278,-0.0943386,1.0012579,0.0122348,0.0598007,-0.0348407
279,0.0521486,1.0270209,-0.1155111,0.1660521,-0.0525829
280,0.0608144,0.9113225,0.0362802,0.0334824,-0.024446
281,-0.0373469,0.8189625,-0.024927,0.1031616,0.1881882
282,-0.0371088,0.9245601,0.0983896,0.0799144,-0.039566
283,-0.0661302,1.0177418,-0.1567829,-0.1431509,0.0272384
284,0.1988221,1.0307469,0.1010983,0.0140083,-0.0504792
285,0.2464567,1.1630653,-0.0462908,-0.0711609,-0.0811549
286,0.1173533,0.9385317,0.0108835,0.0383177,-0.0922336
287,-0.1059795,1.022341,0.1131601,0.1312975,-0.0158529
288,-0.0338699,0.8734359,-0.0155156,0.0685344,-0.0960355
289,-0.0585439,0.9243296,-0.0084188,-0.0369347,0.307949
290,0.018433,1.0269,0.1380552,-0.0080932,0.0997404
291,0.1410411,0.9260558,-0.105368,0.1328763,0.0488593
292,-0.0203407,0.9457155,-0.036969,0.0348083,-0.1206013
293,0.047197,1.0252971,-0.1611562,0.0710683,0.0583232
294,-0.0238821,0.9669424,0.0753565,0.0033051,-0.0149323
295,-0.133039,0.8671781,0.0312269,-0.0945843,0.1536714
296,-0.025482,0.9095522,-0.1349443,-0.0330474,-0.2113743
297,-0.1784031,0.9205354,0.0594252,-0.0636337,-0.0228565
298,0.0188781,1.0060646,0.024975,-0.0523995,0.0923852
299,-0.0921789,0.9673724,0.0445391,-0.0886433,0.0052874
300,-0.0617355,0.869317,0.0480835,-0.087556,-0.0172406
301,0.2278898,0.9714311,-0.0550115,-0.0856242,-0.0591575
302,0.0410176,0.9334141,0.1079397,-0.0300089,-0.146504
303,0.2188643,1.1501351,-0.0081678,-0.0079491,0.0809269
304,-0.0477361,0.9144627,0.1219483,0.1240133,-0.0124808
305,0.0846529,1.0417563,0.0054415,-0.2042099,-0.0140955
306,-0.0016492,1.1265094,-0.1378819,0.1050786,-0.0357265
307,0.0491198,0.8830203,-0.1381281,0.0793797,-0.0477662
308,-0.0128946,1.0319135,-0.1968512,-0.1627701,-0.0235026
309,0.0333243,0.9855365,0.0080221,-0.0178544,0.1293155
310,0.0272568,1.1546253,-0.2679603,-0.009833,0.0525411
311,-0.0732918,1.0635135,-0.0263663,0.147277,-0.0442759
312,-0.0875487,0.906306,0.0191083,-0.1037265,-0.0278736
313,-0.1485671,0.9374838,0.1835582,-0.1216304,-0.1276692
314,0.0405449,1.0974118,0.1067928,0.0789475,0.0114858
315,0.0574162,1.0368587,0.0107786,0.2302662,-0.0027232
316,-0.053328,1.0794125,0.1359181,0.1043792,-0.080575
317,-0.0855891,0.660316,0.0140602,0.082585,0.2133626
318,-0.0422178,1.004247,0.0898582,0.1034598,0.0412068
319,-0.0384804,1.0287943,0.0564098,0.0587809,0.0684574
320,-0.0078373,1.0086699,-0.0298578,0.1796248,-0.1251727
321,0.0519492,0.9902691,0.0360862,-0.0304508,-0.1106899
322,0.0453979,1.1540089,-0.0074332,0.0704503,0.2019589
323,0.0556543,1.0008283,0.1057197,0.0560796,-0.1108035
324,0.1563406,1.0227353,-0.1032837,-0.162182,-0.0375909
325,-0.0291223,1.0875612,-0.160588,-0.1680274,-0.0253578
326,0.1990381,0.9996623,0.1327779,0.0649312,-0.0936727
327,0.0081035,0.8683232,0.0141988,-0.1756596,-0.0095737
328,0.053617,1.088049,-0.1118812,-0.05528,-0.011842
329,0.12626,1.1223304,0.0436211,0.0370347,-0.0696053
330,0.1278822,1.1918154,0.0875332,-0.0569646,-0.0636353
331,-0.1035671,1.0136811,-0.0424502,-0.0284248,-0.1335153
332,-0.0376618,0.96546,-0.0434596,0.0174553,0.1596562
333,-0.0019158,0.983174,0.1213876,0.0442931,0.0041914
334,0.0358532,1.1374981,0.1741309,0.0139256,-0.0115771
335,-0.0634739,1.0143008,-0.0778003,0.0120563,-0.1305262
336,-0.0876193,1.0489969,0.0187595,-0.0691968,0.0335651
337,0.1507943,0.8870523,-0.1107348,-0.1901348,0.0376385
338,0.3738667,0.8126642,-0.0022021,0.0494352,-0.2574533
339,-0.0595545,1.0696994,-0.1196709,-0.085669,-0.0008195
340,-0.1304217,1.1068364,-0.1033337,-0.0553312,-0.0107906
341,-0.1401926,0.9358345,0.1227816,-0.1121674,0.0115262
342,0.0195756,0.9152219,0.019123,-0.0259525,0.0597946
343,0.0996414,1.0763036,-0.0074451,-0.0528453,-0.002475
344,-0.0305304,0.8529061,0.0597729,0.0032612,0.0961764
345,-0.1539329,0.9791062,0.1231048,0.0238884,-0.0357899
346,0.102046,1.1095329,0.104976,0.0335205,0.1128011
347,0.0658884,0.8513341,0.0403161,-0.1278647,0.0302146
348,-0.0744789,1.0253103,0.0781929,0.1484966,0.0625553
349,-0.0166181,0.8970793,0.0338553,0.0274204,-0.0624851
350,-0.1708977,1.1427096,0.0137945,-0.0988521,-0.0542972
351,0.1139022,1.0035049,0.0305103,-0.0195169,0.0221097
352,0.0097417,1.0551146,0.085612,-0.0023269,0.1153041
353,0.0797648,0.9842784,0.0201986,0.0427864,-0.1017382
354,-0.0088181,0.8795279,-0.0602114,-0.2746073,-0.1948553
355,-0.044307,0.9466398,-0.1836863,0.1333745,0.0100162
356,0.0519113,0.937435,0.1556616,0.1023307,0.0469343
357,-0.0159324,1.0724797,-0.0981884,0.0912134,-0.0523466
358,-0.0978063,1.1612985,-0.1288703,0.085787,0.1157261
359,-0.12894,1.0928202,0.0403061,-0.0892618,-0.0725684
360,0.073802,1.0104282,0.1329275,0.1466953,0.1352952
361,-0.0731427,1.0816882,-0.0386135,0.1760982,0.0467401
362,-0.0378081,1.0662693,0.0512936,-0.1472619,0.0482307
363,0.076424,1.0221507,0.0297027,0.1354408,0.0349986
364,-0.0674359,1.0759157,-0.0119813,-0.1078376,-0.001736
365,-0.2161769,1.0477577,-0.0444444,0.0754784,0.0419582
366,-0.0393578,0.944802,0.0978559,0.048038,-0.1130711
367,-0.3117635,0.9137813,-0.0524887,-0.0989445,0.1188201
368,0.0247786,1.0312134,-0.0936024,-0.1204344,-0.0316208
369,0.1629833,1.0540319,-0.0839452,0.0813554,-0.0309308
370,0.0321722,0.991957,0.1745598,0.0013323,0.0560211
371,-0.1665455,1.1108569,0.0346539,-0.0085356,-0.0410591
372,-0.0837156,0.8166054,-0.0249448,0.0782073,0.1235573
373,0.0392329,1.0338289,-0.0197273,-0.1073127,0.0865422
374,0.0648775,0.9084687,-0.029067,-0.0164745,0.0647926
375,-0.1782375,0.9514056,-0.1778666,0.0092458,0.0075442
376,-0.028035,1.0467446,0.0626455,0.1841883,0.1345989
377,-0.0848874,0.9331712,0.129255,0.0435768,0.0401339
378,-0.0597738,1.0575411,-0.0886504,0.10771,0.0224907
379,-0.0166795,0.9987364,0.0243108,0.1016506,0.1709081
380,0.0659211,1.0620896,0.0982801,0.0665021,-0.0643132
381,0.0949674,0.9519215,0.1791519,-0.0484946,0.0795849
382,-0.0067786,0.9398147,0.1220201,-0.1733418,-0.0997192
383,-0.1073901,0.9473384,0.1562871,-0.1078963,-0.2041976
384,-0.1401606,1.0025025,-0.1557936,-0.1348174,0.0015156
385,0.0629554,0.8704419,0.0603497,0.0436499,0.2276627
386,0.0315562,1.0887959,-0.0704855,0.0165191,-0.1485801
387,-0.1215199,1.0036097,0.0371332,-0.0546566,0.1367231
388,-0.0570647,0.9781486,-0.0223968,-0.0434752,0.0433093
389,-0.0744183,1.1661679,-0.006339,0.0694962,0.1356898
390,0.0616966,1.0031735,0.1395081,-0.1852533,-0.0488607
391,-0.0109734,1.0509869,0.1377556,0.2146612,-0.0584521
392,0.0168837,1.0305322,-0.0132235,-0.0366428,0.2339984
393,-0.0050401,1.0855202,0.1000932,0.0651428,0.0740753
394,-0.0555364,0.8143854,0.1103633,0.070716,0.0906087
395,0.0588585,0.9614067,0.019254,0.1726787,-0.0847934
396,-0.0086102,1.1851667,-0.00598,-0.1339706,0.1769108
397,0.148449,0.9809458,-0.0809496,0.149896,-0.2089329
398,-0.003929,0.8447841,-0.0145008,-0.1112034,0.044613
399,0.0021619,1.1612714,0.0895329,-0.017804,-0.0748246
400,-0.2081132,1.0697658,0.0153379,0.1964269,-0.100697
401,0.1294505,-0.0056555,1.1343284,-0.0220887,0.0070462
402,0.0391081,0.0370657,1.0186373,-0.0874807,-0.0495998
403,-0.1991695,0.1185133,1.147296,0.0677888,-0.0601865
404,0.2580472,-0.0569598,0.805403,-0.0584371,0.0613106
405,-0.0974885,0.1530796,1.0093729,-0.1495702,-0.0005543
406,0.0916236,-0.0367897,0.8735238,0.1683144,0.1557629
407,-0.0089199,-0.1595254,0.9213658,-0.1169808,-0.081665
408,-0.0809023,-0.0630165,1.0682541,-0.2121619,-0.0150846
409,-0.0031076,-0.0883919,0.9494097,0.1060559,0.0941424
410,0.0279218,0.0669175,0.9244869,0.1630441,-0.0426023
411,-0.0297683,-0.0529757,1.0986561,0.0010185,0.0322086
412,-0.0004167,-0.0341531,1.1419161,-0.1666605,-0.101271
413,-0.1103759,0.0968119,1.1023365,0.0662115,0.1552231
414,0.04789,-0.1389084,1.0370767,0.004129,0.0043754
415,-0.0216124,0.0130265,1.000304,-0.060712,-0.0602994
416,-0.0327108,-0.0057811,0.8939579,-0.0115802,0.0159431
417,-0.0055901,-0.0619208,0.9599502,-0.0375126,-0.0545952
418,0.0806431,0.0720223,1.168238,-0.0769635,0.0052583
419,0.0577691,0.0702342,0.8312648,-0.1132178,0.2026372
420,-0.0577676,0.0235914,0.8912714,0.1159816,0.1288177
421,-0.1081951,0.1293376,1.0632681,0.0174147,0.0181058
422,-0.0390726,0.0582618,0.9599,0.1430172,-0.0060234
423,0.1132189,0.1457498,0.9425096,-0.0641476,-0.1779295
424,0.2218395,-0.2205277,1.0076666,0.1245204,0.1666269
425,-0.0285342,-0.1887123,0.9566848,-0.3155449,0.0160306
426,-0.0462536,0.0988297,1.0133805,0.0797828,-0.031915
427,0.0492609,-0.0232485,0.8340582,-0.0198193,-0.1278122
428,0.0733725,0.094617,1.0518062,0.1264506,0.144445
429,-0.0828536,0.0431168,1.061094,-0.0412336,-0.0515017
430,-0.0887582,0.0441752,1.0410103,-0.0209545,-0.104733
431,0.0573917,-0.1165403,1.0758597,-0.0067936,0.0523867
432,0.0038484,-0.0462352,1.1048544,-0.1052043,-0.0575872
433,0.0047735,0.0769791,0.987626,0.009067,-0.0271515
434,-0.0032569,0.1865784,1.0453745,0.0239786,0.1391593
435,0.0433858,-0.0820639,0.8410078,0.1176336,-0.1347625
436,0.0601597,0.0024358,1.022235,0.1550794,-0.1175534
437,-0.1419884,0.0448052,1.111067,0.0660128,-0.0300565
438,-0.0577783,-0.0106443,1.0191643,-0.0732055,-0.106765
439,-0.1574963,-0.0812237,1.0909836,-0.0810006,0.1171578
440,0.1255892,0.0245889,1.020757,0.1189322,0.0204946
441,0.1235745,0.0623306,1.0323731,0.0202017,-0.0431125
442,0.0356204,0.044194,0.9818216,0.0712296,-0.0771391
443,-0.0938563,-0.0048674,0.980049,-0.1397402,0.0347758
444,0.044079,0.0179135,1.0610888,0.0816045,0.0045121
445,0.1382942,0.0345471,1.0946228,-0.1169865,-0.1435339
446,0.1015865,-0.1197626,0.9884206,-0.0944307,0.1355935
447,0.1006021,-0.0449474,1.0857573,0.1365453,0.1331452
448,0.1147929,-0.0101128,0.9617033,-0.0502861,0.0889455
449,-0.2407142,-0.0374668,1.034748,0.054,-0.0425131
450,0.036776,-0.1791899,0.8498362,0.041951,-0.080171
451,-0.0556246,-0.0994972,0.9499144,-0.0522251,-0.092943
452,0.0264915,0.1576061,1.2160464,0.0508636,0.1606549
453,0.1841894,0.0637322,1.071342,-0.0292639,0.0511593
454,0.1922976,0.2202227,0.8549285,0.0411482,0.0538165
455,-0.0913616,0.0084958,1.0348743,-0.1070099,-0.0183967
456,-0.0441049,-0.0135152,1.0930812,0.1756199,0.1702582
457,0.0484591,-0.0477862,1.1613025,-0.0124131,0.0583064
458,-0.1657162,0.0270401,1.0313283,-0.1236257,0.0728609
459,-0.0523461,-0.1831124,1.0266088,-0.0870834,-0.0143682
460,0.060171,0.066422,0.9122945,0.0417545,-0.0563006
461,0.042106,-0.051587,0.8303373,-0.0465049,-0.1640974
462,0.1366783,0.0982682,1.0152142,-0.2527508,0.0188668
463,0.0452652,-0.1011585,1.1563572,-0.0646971,0.1677282
464,-0.1082448,0.0292713,1.1049931,-0.059041,0.0585585
465,-0.0038403,-0.1249684,0.861635,-0.0753477,0.1518937
466,0.0118421,-0.0342442,0.9835591,-0.0760482,-0.0828393
467,-0.050804,0.0177368,0.8977004,-0.0105125,0.1199052
468,-0.0778901,-0.0001846,0.9391507,-0.0572667,0.039554
469,0.0194607,-0.2140209,1.0392659,-0.089696,0.0100157
470,-0.0830555,-0.1380379,1.0842595,0.0006331,-0.061037
471,-0.0549617,-0.0954326,1.0299269,-0.0406715,0.0394261
472,-0.1049241,0.0189964,0.9150512,-0.1072208,-0.0418083
473,-0.1003355,0.1894951,0.8515682,-0.0459388,0.0199672
474,-0.0059233,-0.0093147,1.0907387,-0.0787673,0.0589676
475,-0.0644606,0.1203327,1.0656154,0.1206536,-0.0541625
476,0.043434,0.1744677,1.1063277,-0.035197,-0.0820009
477,0.1126426,-0.0161522,0.8776034,-0.0662516,0.1264643
478,-0.035097,0.0609857,1.0472158,0.0995341,-0.1659513
479,-0.0975657,0.0072871,1.1277456,0.030123,-0.1341144
480,0.0637524,-0.0344074,0.962491,0.056425,0.1203672
481,-0.0209296,0.1948352,1.0346407,0.0181565,-0.0083216
482,-0.0735524,-0.2397744,1.0175624,-0.140017,0.0977353
483,0.0573082,0.0317203,1.0737435,0.0073703,0.023
484,-0.0259911,0.0834399,1.0331177,0.3744395,-0.0104642
485,-0.0235988,-0.1816692,1.0961779,-0.054515,-0.0350587
486,0.0101907,0.1618821,1.0610719,0.0754759,-0.1227148
487,-0.0769746,-0.1638222,1.0788901,0.0115115,0.0185895
488,0.1075349,0.0382647,1.0173873,0.0334079,-0.0533092
489,-0.0091281,0.0278878,0.889685,-0.0225255,-0.0245589
490,-0.0494323,-0.1095323,0.8249023,-0.1096803,0.0476442
491,0.0927383,0.0895693,0.9228104,0.0584811,-0.0977711
492,-0.0990031,-0.0536091,1.0458821,-0.0254362,0.1710653
493,-0.3326804,-0.0322653,0.9913345,0.1302815,-0.0350353
494,0.0238929,0.0827243,0.9716501,0.068453,0.0458427
495,0.0646328,0.054988,1.0713604,0.1494637,-0.1980254
496,-0.08682,-0.0700331,0.9916375,-0.0338349,0.0091944
497,-0.0012206,-0.0851145,0.8378038,0.0236681,0.2006438
498,-0.1928797,0.094322,0.9345119,-0.0094554,-0.0453115
499,0.022063,-0.1275058,1.1170647,-0.0180146,-0.0075955
500,0.0029688,-0.0202942,0.939193,0.0954661,-0.0194287
501,0.0231876,-0.0163203,1.0606437,0.035794,0.1096357
502,-0.0831457,0.132241,0.8974461,-0.1189348,-0.1350912
503,0.0298779,-0.0102511,0.8641558,0.1026184,-0.062935
504,0.0275816,0.1410449,1.1437838,0.0604426,0.0247045
505,0.0790008,0.0743696,0.9696346,0.0056901,-0.0169802
506,-0.0441497,-0.0070739,0.89673,-0.1796356,-0.1959123
507,-0.0584734,0.0179992,1.0885042,0.039774,0.0141251
508,0.0159861,0.1389799,0.9259976,0.0615911,0.0945395
509,-0.0594667,-0.0304803,0.8586822,0.0723143,-0.1062185
510,0.0080871,0.0917922,0.8728995,-0.0581876,0.2022919
511,-0.0156083,-0.0895514,1.0858235,-0.0608746,-0.1642597
512,-0.0013359,0.1046929,0.9420708,-0.0939418,0.0337996
513,-0.0685198,-0.0968718,1.084735,0.0200931,0.0357055
514,-0.0045745,-0.0540226,1.0934203,0.16155,0.1244784
515,-0.0558117,-0.1134156,0.863007,0.0331909,0.0555464
516,0.2053857,0.0618781,1.0434553,0.0950903,0.1181455
517,-0.0409432,-0.0090284,0.8890116,0.1447714,0.0170289
518,-0.0103122,0.0021585,1.0235465,-0.0924048,-0.1394854
519,0.1033554,0.0363637,0.9142032,0.0147331,0.0860369
520,-0.1224457,-0.0959695,1.0236574,0.0012608,0.1601091
521,0.0708271,-0.0640689,0.9758911,-0.0743474,-0.0186775
522,0.2304706,0.0765204,1.0176936,0.0291274,0.0891109
523,-0.1679512,-0.001656,0.8403997,0.0129905,0.1002207
524,0.0647399,0.0482985,1.0058807,-0.0719909,-0.0702568
525,0.2056597,0.0705553,0.9785123,-0.1982257,0.2790681
526,0.1624121,0.0787972,0.8748571,-0.0586377,0.0599767
527,0.1146596,-0.0483879,1.0035154,0.0918481,-0.0935454
528,-0.0609925,-0.0895371,0.9439863,-0.0851191,-0.0638429
529,0.0795743,-0.0515863,0.9844335,-0.0210617,-0.0048918
530,-0.0358198,0.0001065,1.0680368,-0.1155463,-0.0721559
531,-0.0429228,-0.1012018,0.9771863,0.0042611,-0.0294968
532,0.100782,0.0668117,1.0064718,0.0298568,-0.0681411
533,0.2300247,-0.0205531,1.0414892,0.0403839,0.0287664
534,0.057579,0.1696352,0.9886229,0.0338085,0.0185584
535,0.1121275,-0.0164441,0.9002776,0.2526359,0.2179211
536,-0.0971724,-0.0841861,1.0826782,0.0247263,0.0440853
537,-0.0386508,0.0510566,1.0390239,-0.0535554,-0.0674131
538,0.0762956,-0.3120609,0.9459646,-0.0400613,-0.1125667
539,-0.1115129,0.0119296,0.9458716,-0.019485,-0.0167614
540,-0.0145332,-0.1322382,1.013219,-0.0758808,0.1389281
541,-0.0459044,-0.0089358,1.1062987,0.0764776,-0.0309558
542,-0.0068746,0.070547,1.0477153,-0.0899669,-0.0872805
543,-0.035093,0.0331779,1.0227149,-0.0094784,0.1786807
544,0.0081261,-0.0916572,1.029307,0.0117147,0.0655346
545,-0.1409983,0.0226902,0.9449153,0.1194552,0.0513206
546,0.1124092,0.0507314,0.9868967,0.0544015,0.0196364
547,-0.0380645,-0.0593539,1.0371004,-0.0304476,-0.0263154
548,0.0034326,-0.1357117,1.0699405,0.0571779,-0.1095229
549,0.1192368,0.1279551,1.0064924,0.1604764,-0.0171765
550,0.0797459,0.1645237,1.0152663,-0.0556683,-0.0924178
551,-0.0512974,-0.0050097,0.9803626,-0.0174163,-0.2120444
552,-0.0379586,-0.0655289,0.9910871,0.0775242,-0.1232272
553,0.0703281,0.0127619,0.7889767,0.0044793,-0.0298342
554,0.1236518,-0.0092005,1.1011892,0.0734678,-0.1512548
555,0.1047745,0.0373195,0.934078,-0.0094427,-0.23858
556,0.0137348,0.1844292,0.8232406,-0.0095323,0.2714952
557,-0.0991558,0.0034888,0.8539304,-0.0294377,0.0439907
558,-0.2253444,0.1450908,0.8988007,-0.0729802,0.0325342
559,0.1468233,-0.1006103,1.0630925,-0.0169222,0.2119532
560,-0.0556585,-0.0458874,0.8969912,0.1947394,-0.0818289
561,-0.0571831,0.0060023,0.9185064,-0.0285976,-0.0318657
562,-0.1981973,-0.1661708,1.1555145,-0.021387,0.0695644
563,0.0918471,0.1049216,0.9153591,-0.0206828,0.1016601
564,-0.2222327,-0.0138043,1.1222767,0.0224735,-0.1290102
565,-0.1155003,-0.0858853,1.135086,0.0749209,-0.0382935
566,-0.022146,-0.0975956,1.0291651,-0.0695315,-0.0294138
567,-0.0165075,0.0054025,1.0655959,0.0906942,-0.035428
568,-0.0481694,0.065129,0.9584192,0.067353,0.1011726
569,-0.1193727,-0.0969647,1.1574764,0.0652717,0.1389367
570,0.0419933,-0.1782051,1.020477,0.102116,0.0362881
571,-0.0385959,0.0281586,1.0819766,-0.1180249,-0.0484924
572,-0.0168576,-0.0592972,1.0624448,0.0202771,-0.0650659
573,0.0519148,-0.1392854,1.0358552,0.0929259,-0.1985322
574,0.0474714,-0.0160255,1.0773686,0.0811193,-0.0552768
575,-0.0848014,0.1058878,0.9147626,0.0844623,-0.0685252
576,-0.062545,-0.1221301,1.1262179,0.0072962,-0.0969155
577,0.043572,-0.0422529,1.0511108,-0.1374034,-0.2456736
578,0.0301079,-0.0012766,1.1709108,-0.0426749,-0.1819254
579,-0.073303,0.172399,1.1551315,-0.1415719,0.0775484
580,-0.0815326,0.0627782,1.1938728,-0.0675838,-0.0997421
581,0.038201,-0.0421531,1.0544857,0.1921654,-0.167092
582,-0.0726963,-0.0402834,0.8803824,-0.027172,0.0645275
583,0.0583557,0.0386319,0.9562503,0.0736768,-0.1511817
584,-0.0745207,0.0052284,0.7784963,-0.0102196,0.004676
585,0.0207717,-0.0057689,0.9100277,-0.0126722,0.002722
586,0.0678123,-0.1458321,0.9779352,0.0915332,-0.0799023
587,0.0389183,0.0742519,0.7940552,-0.1079284,-0.1159156
588,0.0331627,-0.020971,0.9737273,0.0084425,0.1460393
589,-0.1097004,0.0582279,0.9929212,-0.0787074,-0.1137168
590,0.1330418,-0.2187911,0.8786376,0.2509538,-0.0599124
591,-0.2410823,0.0348812,1.2082296,-0.0900686,0.1128984
592,-0.0364878,0.1396964,1.0860111,-0.0436029,-0.171824
593,0.0168076,-0.1372318,1.037252,0.2023741,-0.0691052
594,0.0090898,-0.3072725,1.0500087,0.0356553,-0.0404302
595,-0.0640291,-0.0039519,0.8650481,-0.1186801,0.1918564
596,0.1220506,0.1648785,1.1746347,0.022673,-0.1165897
597,-0.0450667,0.044467,0.9961803,0.0135214,0.0854556
598,-0.1657608,-0.0310203,1.0618725,-0.1241075,0.0003974
599,0.0981742,-0.1271115,0.9966348,0.0358876,0.0012688
600,0.1005578,-0.039961,1.1369316,-0.1339394,-0.1019457
601,-0.0242648,0.1292613,-0.1665971,0.8607453,0.0077367
602,-0.0571069,-0.0194094,0.2059645,0.9874076,-0.1042184
603,0.0923442,0.1295416,-0.1633331,1.0689511,-0.1866232
604,0.2410039,0.1365496,0.0024174,1.0276568,0.0446819
605,-0.0028281,-0.0309357,-0.0127824,1.0124518,-0.0332433
606,-0.0637292,0.1020501,-0.0502873,1.0740755,-0.0455887
607,0.1364217,-0.085656,-0.1130657,1.040754,0.0821212
608,-0.1074614,-0.0801634,-0.1248373,1.2848416,0.0395725
609,0.1131828,-0.0103722,-0.0192149,1.0546834,-0.0392178
610,-0.2607774,-0.073952,-0.1002605,1.0511985,-0.0405875
611,0.1577806,0.0471598,-0.001379,0.9251937,0.0056103
612,0.0164354,-0.1366192,-0.0144278,1.075188,0.1087481
613,-0.0300897,-0.045044,0.0792226,0.9802833,0.1128502
614,-0.0475513,0.1595523,0.1187246,1.0144905,-0.0377622
615,-0.0388877,-0.0545721,-0.0710605,1.1084773,0.0153918
616,0.0005814,0.0464485,-0.0259272,0.9874149,-0.1448107
617,-0.0741668,0.0473831,0.0796694,1.0550585,0.006119
618,-0.1473078,0.07813,-0.0060053,0.7448276,-0.0668157
619,-0.1576123,0.1106779,0.008226,1.054449,-0.1416071
620,0.0479053,0.0339079,0.0310315,1.0744548,0.0123678
621,-0.0950461,0.0237728,0.1464214,1.1270548,0.0227749
622,-0.0323693,-0.0176644,0.0442333,0.9865906,-0.0823791
623,-0.0232687,-0.0520132,0.0766064,0.9240929,0.1255011
624,0.1163295,0.0856445,-0.0504667,0.8604486,-0.0187577
625,-0.1212117,-0.167595,0.1060863,0.8164936,-0.0690707
626,0.0144801,0.1520192,0.0269291,1.0572109,0.0199504
627,0.1262459,0.0815941,0.0209612,1.0182596,0.231084
628,0.1033496,0.0688557,0.0158594,1.0771881,-0.0166759
629,-0.0354057,0.0103306,0.0409037,0.9972378,-0.0414673
630,0.1336156,-0.0080667,0.1094555,1.0539666,0.0738352
631,-0.1286035,0.0758101,-0.0893906,1.0928728,-0.1607808
632,-0.1214134,-0.0130261,-0.0479097,0.9829838,0.1382185
633,0.1428778,0.2057134,0.0275666,0.9422261,-0.0193718
634,0.019752,0.0543683,0.2188272,1.0350144,-0.1446399
635,-0.0638343,-0.0290736,0.0477686,0.9746272,0.1221309
636,0.2777351,0.0576229,-0.0078601,1.0177662,0.1184674
637,-0.0327167,0.1339872,-0.0090066,0.9705463,0.0565104
638,0.1612404,0.0943116,-0.0099277,0.9085521,0.0107022
639,-0.0475021,0.0800105,-0.0493074,0.9426264,0.0680211
640,-0.1066428,0.0048778,0.0874151,1.0139527,0.0641983
641,-0.1428637,0.0695298,-0.088984,1.0101674,0.0558883
642,0.063021,0.0513373,0.0643056,0.921736,0.0384589
643,0.106813,0.1301953,0.0303818,1.0494838,-0.0717124
644,-0.2255697,0.0651994,0.05195,1.0579931,-0.0423675
645,-0.0184719,0.0132488,-0.0564308,0.9611946,-0.1361126
646,-0.1311795,0.0160636,0.1982455,1.0014219,-0.0152076
647,0.1410887,0.0053266,-0.2408439,0.9870718,-0.096625
648,0.1203804,0.0627691,-0.0246003,0.9671896,0.0395798
649,0.0476844,-0.0271258,0.1567983,0.9442403,0.0542469
650,0.0478771,0.0753236,-0.0036501,0.7644693,0.0502764
651,-0.0532186,0.2282131,-0.0703572,1.070165,-0.0273181
652,0.0640445,-0.0477709,0.1699828,0.9808219,-0.0225933
653,0.0205367,0.1857612,0.1251929,1.1195054,-0.0628919
654,0.0232786,-0.0724101,0.0634052,0.9802343,0.1318721
655,0.044867,-0.0992438,-0.1602021,1.045895,-0.0802636
656,0.0268082,-0.0220026,0.0509365,0.8018732,0.1003905
657,-0.0551535,-0.0851528,-0.1380866,0.993787,0.0713396
658,0.0841314,-0.0855221,-0.2751767,1.1565085,-0.0568937
659,0.0882109,-0.0466488,-0.0130449,0.9160635,-0.0328393
660,0.0364168,0.0933708,-0.0536915,0.9981538,0.0795022
661,0.0171786,0.1095124,0.0793376,1.1724379,0.1539985
662,0.0988272,0.2021635,-0.119923,1.0826884,0.1224159
663,0.1342145,0.0236326,-0.0236646,1.071947,-0.0690921
664,0.0707781,0.0115795,0.1459823,1.1290085,-0.0759263
665,0.1242332,0.1296906,-0.1025798,0.8640072,0.1224169
666,0.1959863,-0.0915854,0.1455626,0.8899905,-0.0171575
667,0.1690507,-0.0855796,0.1620824,0.9174418,-0.0755032
668,-0.0123244,0.0102963,0.0316761,0.8702789,-0.11223
669,-0.0063126,-0.0373725,-0.070762,0.9805789,-0.0075909
670,-0.024712,-0.1152968,0.0637963,1.0826407,-0.0903996
671,-0.122346,-0.0509441,0.1016593,1.2158366,-0.0997669
672,0.0436205,0.0096719,-0.084537,1.1519653,-0.0329964
673,0.0126264,-0.0261596,-0.097999,1.0672767,0.0608594
674,-0.2786733,0.0202859,0.2719993,1.1548816,-0.1809196
675,0.0159195,-0.039069,-0.1239025,1.0082584,0.0911882
676,-0.188547,-0.0492471,0.0663495,1.2677712,0.0646156
677,-0.1043925,0.0076485,0.0078132,0.9953926,0.1940125
678,0.0126009,-0.0944537,0.0851356,1.1091852,-0.0331746
679,0.006324,0.0138428,-0.0278489,1.1483118,-0.0480871
680,-0.1282176,-0.1073377,0.0333634,1.0473626,-0.0106756
681,-0.0366102,0.171338,0.1341462,0.9551708,0.0337532
682,0.0983485,0.0375092,0.0404605,0.9019546,-0.2005575
683,-0.0694684,0.0137064,0.0732502,0.9504256,0.1373027
684,0.1268261,-0.0703493,-0.0302918,0.9308655,0.0614506
685,-0.026629,-0.1609018,0.0110526,0.8677689,0.0948477
686,-0.0362516,0.0339287,0.0231516,1.0450739,-0.0928881
687,0.0067661,-0.0801153,0.0100642,1.2328152,-0.1094966
688,0.1563016,-0.0187274,-0.1549336,0.9532403,0.1316724
689,0.0659654,0.0114982,0.0259329,1.1063381,0.2290896
690,0.0184616,0.0829229,-0.0510879,1.2160301,0.0630269
691,-0.0525429,-0.0622966,-0.0965235,0.9734382,0.1047133
692,-0.0686993,0.0643708,0.0264689,1.2449577,0.272928
693,0.1200192,-0.0519816,0.1382945,0.919905,-0.0859536
694,0.0865388,-0.0959782,-0.076614,1.1041603,0.1277495
695,-0.0787979,-0.0556787,0.082775,1.0245543,-0.1351332
696,0.0299308,-0.0872313,-0.0036268,1.0205467,-0.0682114
697,-0.0928213,0.0780089,-0.1490883,0.8417155,0.0940237
698,-0.0507048,-0.0389372,-0.0289095,0.9538414,0.038164
699,-0.0203143,0.0841339,-0.1999609,0.9487556,-0.0384152
700,-0.0369619,0.0086987,0.1230628,0.8351576,0.0668213
701,0.0035052,0.0705339,-0.0464441,1.1124966,-0.0765013
702,0.0424216,-0.0919891,0.0639784,1.081552,-0.1421566
703,0.0997593,0.0635643,-0.0040314,0.8936242,-0.0234175
704,-0.0667135,-0.0585937,0.0320477,0.8853444,-0.0600281
705,0.0711333,0.2418991,0.0342873,0.9392076,0.0842049
706,-0.0140034,0.0259512,0.0581834,0.9330897,0.0603028
707,0.0696652,0.1747059,-0.0352785,0.9303014,0.0369273
708,-0.1680989,0.062495,-0.0007903,1.1018073,0.1010218
709,-0.1155888,-0.1219034,-0.0084369,0.8318975,0.142582
710,-0.0773607,-0.0889099,-0.1760534,0.9726946,0.030163
711,-0.0010401,0.0787065,0.0090787,0.9977127,-0.1555658
712,-0.0325199,-0.1893318,0.1042493,0.9649256,0.0493869
713,0.0563167,-0.167267,0.0258801,1.0232413,-0.0901136
714,-0.1477737,-0.1477348,0.0454674,1.1713156,0.0104247
715,0.2193788,0.0336051,0.069178,0.9957271,0.0268459
716,0.0418975,-0.007217,0.2414004,1.0448235,-0.0665646
717,0.0471065,0.1957755,0.1151663,0.9335707,0.1076711
718,-0.0251419,0.0246947,0.0496961,1.2000948,-0.1641524
719,0.1146221,-0.0943579,-0.0294442,1.0506667,0.0285155
720,-0.0385518,-0.004286,-0.0429873,1.0705592,0.1802067
721,0.0075138,0.0800419,0.0490821,0.9336798,-0.1845631
722,-0.1663977,0.0119862,-0.0192495,0.9094932,0.0732894
723,-0.1414999,-0.2659793,0.0077706,1.1029644,-0.1601575
724,0.0813521,-0.0877549,0.0989756,0.9708749,-0.0817898
725,-0.0285111,-0.0652949,-0.1633621,0.9833142,0.0165942
726,0.0628141,-0.0798281,-0.160509,1.1387423,-0.0402084
727,0.1757226,-0.1275238,0.0241183,1.1817481,-0.0336889
728,0.147837,-0.0071733,0.1600697,0.9790035,0.0561462
729,0.1000285,0.2580036,-0.1022996,0.9939463,-0.125698
730,0.0857656,-0.0992091,-0.0838685,1.0879503,0.0242046
731,0.1753196,-0.1062603,0.0731724,1.2775406,0.0956312
732,0.1206526,0.0359683,-0.0497775,0.9131958,-0.0149976
733,-0.0433145,-0.0780325,-0.1520898,0.9587909,0.0957089
734,-0.0390624,-0.0924825,-0.038991,0.9256002,0.010241
735,0.0978136,-0.0175893,0.2131868,1.0259392,0.175359
736,-0.0546384,0.1010114,0.1035275,0.8420893,0.0469358
737,0.1700453,0.0469843,-0.0418117,1.101212,0.0369015
738,0.0188187,0.0688026,0.069102,0.9301046,-0.0189701
739,0.1024852,0.1231492,0.0389984,1.1385079,0.0335322
740,0.0492963,-0.0004351,-0.151212,1.095431,0.0245316
741,-0.2751329,0.049933,-0.1559764,1.027757,0.1868633
742,0.0105983,-0.1087145,0.0028227,1.0660956,-0.0079078
743,0.0163676,-0.0275582,-0.0731041,1.0523795,0.1429034
744,-0.1320905,-0.0853624,-0.1212669,0.8489341,-0.0884647
745,0.074888,0.0790334,-0.1923619,1.102415,-0.0625871
746,-0.0276189,0.0175474,-0.1296071,1.0278911,-0.076739
747,-0.1717073,-0.01122,0.0114678,0.8479651,-0.0533623
748,0.0317311,0.0076542,0.0818693,1.017601,-0.0715382
749,-0.0210515,-0.0115178,0.1345445,0.9780981,-0.1569974
750,0.2198651,-0.1266011,-0.1419057,0.7239571,0.1483308
751,-0.0631787,0.0578909,0.0160681,1.0805726,-0.1017581
752,0.1551494,-0.0110613,0.0119122,1.0042146,-0.0235679
753,-0.0639214,0.0739784,0.0227951,0.7973605,-0.1025347
754,-0.1266829,-0.10762,0.1483585,0.9156368,-0.2546883
755,-0.2028605,-0.1155828,-0.0592562,1.0952152,0.1545311
756,-0.084923,0.079832,0.0802577,1.1008482,-0.0824735
757,-0.1549223,-0.0631433,-0.0616979,1.115747,-0.0768725
758,0.0834007,0.0846216,0.0662189,0.8415762,0.0407242
759,-0.0472241,0.0027812,0.0680183,1.0140676,-0.2342578
760,0.0415283,-0.1629799,-0.0956535,0.9729598,0.0777347
761,0.0165632,-0.1345025,-0.0907623,0.8856259,0.0087283
762,0.1470084,0.099918,0.0386972,0.9844406,-0.0543538
763,-0.004562,0.0283562,-0.0352432,0.8579037,-0.0611011
764,0.0156251,-0.1420181,0.0969327,0.9534568,0.0351636
765,-0.0437664,-0.0118737,0.0256317,1.2483475,0.0065577
766,-0.0160306,-0.0094111,-0.0968326,0.9297088,-0.0285289
767,-0.0092848,-0.0896835,-0.0158365,0.9340701,-0.1979227
768,0.1114783,-0.1031275,0.0579603,0.8471435,0.0554118
769,-0.0354044,-0.1912189,0.1379783,1.0079934,-0.0358981
770,-0.0696822,-0.0460665,-0.0096565,0.8893441,0.0755294
771,-0.1234858,-0.0435915,-0.0778857,0.9048641,0.1536825
772,0.0150551,0.1729087,-0.1440721,0.8681579,0.0096059
773,0.0311454,0.1650723,0.1256725,0.9388766,0.0492231
774,0.1461548,-0.0828729,-0.1205391,1.0399381,0.0486769
775,0.0768264,0.1162719,0.0052193,1.0570798,0.0506387
776,-0.1068779,0.0734551,-0.0252641,1.1184551,-0.0302315
777,0.0096965,0.0916756,-0.0290505,0.917235,0.0319964
778,-0.0492752,-0.1267127,-0.0267611,1.1270309,-0.0354609
779,0.0505303,-0.0435375,0.0458589,0.8420523,-0.0887348
780,-0.0726547,0.1320207,0.0313747,1.0934735,0.0273185
781,0.0519436,0.0346339,0.0869847,0.8565953,-0.059731
782,0.0394261,0.1421022,0.0743908,1.0292972,-0.1176042
783,-0.1013633,-0.1619525,-0.0313246,0.9746358,-0.0644423
784,0.002496,-0.0361934,-0.0876838,0.9614252,-0.1328709
785,-0.0700935,-0.1791046,-0.0861491,0.9907851,0.1021073
786,0.1570446,-0.0288283,-0.0663457,0.9311348,0.0251483
787,0.00557,-0.1469707,-0.0239157,0.9671874,-0.0254822
788,0.02427,-0.034033,-0.0042307,0.9788285,-0.1102688
789,-0.0425074,0.126459,-0.1057893,0.9205936,-0.0480367
790,-0.0633117,-0.0926738,-0.0501577,1.1511022,0.1249565
791,-0.0362456,-0.1060497,0.1970341,1.0452594,-0.034822
792,0.0297411,-0.0407238,-0.1487974,0.9855369,-0.1179989
793,-0.0307814,0.0022211,0.158525,0.9996809,0.0332466
794,-0.1527214,-0.1065657,0.1734851,0.8292621,0.1134605
795,-0.0766295,-0.0149851,-0.0821369,0.8721718,0.1774766
796,-0.0741258,-0.1572104,0.282615,1.1586101,-0.1361802
797,-0.0925305,-0.0388778,-0.0642855,0.9547889,0.1430902
798,0.0242878,-0.0632519,0.139007,1.1455659,0.1068529
799,0.1818505,0.0746168,0.0272362,0.9678937,0.0149784
800,-0.0197524,-0.0327801,0.1151605,0.9787115,0.0236079
801,0.9425418,1.9882362,-0.2216696,-0.0821608,0.969932
802,1.0702201,2.0229067,-0.15698,-0.0610949,1.0465052
803,1.0560327,1.8929149,0.1009059,-0.0870442,0.927243
804,1.0316638,1.8359591,-0.0054428,0.066207,0.931549
805,0.9683567,1.8254777,-0.0340722,0.080803,1.0538564
806,1.0125386,2.1326763,-0.0140831,-0.0522014,1.075115
807,0.9093609,2.1185124,0.269358,0.0589418,1.1592855
808,1.015995,1.99364,0.0148326,0.0326839,0.8730912
809,0.8673769,2.0251781,0.0815094,-0.0668133,1.126583
810,0.8817103,2.1532121,-0.1292988,0.050773,1.0072284
811,1.1063872,1.8585929,0.0057114,-0.0654474,0.8744646
812,0.8797275,1.9999998,-0.0708111,-0.07987,0.9578073
813,0.9407411,2.1403539,-0.0482649,-0.1489674,0.8561796
814,0.9775345,1.9491871,0.075203,0.0400434,0.9443996
815,0.8770577,1.9897262,0.0230424,-0.0004364,1.0029491
816,0.8746313,1.9505701,0.077061,0.0078017,1.0669461
817,0.9492624,2.1026222,0.141383,-0.0923014,0.865299
818,0.9879425,1.9067979,-0.0796221,0.2155322,0.99867
819,1.1622865,2.1817137,0.112713,0.0417786,0.9415625
820,0.8104766,2.0379544,-0.0436139,-0.1159866,0.9917159
821,0.9850105,2.0995455,0.0317898,-0.0674457,1.0493199
822,1.2373615,2.081141,-0.1414382,-0.1093035,1.0125694
823,0.962393,1.8697691,-0.0696549,0.0221841,1.0090682
824,0.9339253,1.9434735,0.2694642,-0.1201135,0.9263106
825,0.8127195,2.0891823,-0.0234087,-0.0964046,1.0090836
826,1.1902017,1.9678675,0.0642839,-0.0978484,1.0167741
827,1.0237584,1.9779277,-0.1051967,0.1009884,1.0065284
828,0.9687531,2.1376727,-0.1908438,-0.0057184,0.9020721
829,1.0874575,1.8309114,0.0911246,-0.087524,1.0801725
830,1.0536677,2.0521544,0.0465037,0.06022,1.0587873
831,0.9916463,1.8572786,0.1239717,-0.1546348,0.8396373
832,0.9723966,2.1114472,0.0784578,0.0006631,1.0737441
833,1.2106185,1.9438078,-0.1506882,-0.0791867,1.1248075
834,1.0105721,2.0353658,0.0302958,-0.1859253,1.0389279
835,0.9897518,2.0190649,0.0021151,0.0663177,0.8654921
836,0.9722845,1.9054492,-0.0788129,-0.0161654,1.000735
837,1.0004597,2.1292889,0.2037422,-0.0356779,0.9763035
838,1.1150432,2.1041319,0.0998117,-0.0209006,0.8720297
839,1.0586066,2.0016399,-0.2501715,-0.0396358,1.0444853
840,1.088862,1.8852268,-0.0921917,0.1079736,0.9429302
841,0.9858793,1.9912351,-0.0980062,0.044918,0.9746324
842,1.0116439,2.0020308,0.0701423,-0.122909,1.0169805
843,1.127559,1.9742407,0.0922062,-0.0185539,1.0289027
844,0.9820215,2.0476625,0.0628758,0.126248,1.2321348
845,0.9865589,1.9238941,-0.0008736,0.2003911,0.9093668
846,0.8612202,2.1832982,0.1167594,0.0686675,1.0339415
847,1.1265477,1.9236883,0.0022021,0.007909,1.0149391
848,0.9642132,1.9975717,0.106118,0.0170859,1.1760636
849,0.9816786,1.9008587,0.0068319,0.0291185,0.9858468
850,1.0417263,1.8687887,0.0041662,-0.0255064,0.8861388
851,0.9363478,1.8533003,0.0923777,-0.0208617,0.9613902
852,0.9568732,2.0712458,0.0483448,0.145378,1.0686642
853,0.9874381,1.9690912,0.1514848,0.1984558,0.9942337
854,0.9674578,1.7973618,0.0742845,-0.0181299,1.0484506
855,0.9653196,2.0152784,0.0415553,0.1504771,0.9401154
856,1.0419791,1.9219512,0.1078123,0.1855246,0.9776081
857,0.9128166,2.2269629,-0.166888,0.1171894,1.1035967
858,1.1093125,1.9456192,-0.1835146,0.0310602,0.9903083
859,0.9806997,2.103169,0.1492699,-0.0753849,1.0496132
860,0.9977434,2.0528354,0.0632806,-0.0922001,1.0630139
861,0.9558399,2.1683335,0.1135839,-0.0116372,1.024438
862,0.9942578,1.95459,-0.1699473,0.1335234,1.0065156
863,0.9230151,1.9940277,-0.0091629,-0.0771228,0.8934963
864,0.9357328,2.0506665,0.0743492,-0.1234566,0.9585038
865,0.9246103,2.1860224,0.152058,0.0423245,0.8985245
866,1.0825451,1.968021,-0.0745566,-0.0887017,0.8296172
867,1.0167337,1.9754936,-0.1071505,0.018027,1.0314938
868,0.9431889,1.9858936,-0.0058555,-0.0680071,0.9945577
869,1.1828102,1.9074351,0.1195855,-0.2564397,0.8589836
870,0.9577447,1.9213118,0.0263563,0.0386284,0.8425973
871,0.9517467,1.8490014,0.2231588,-0.1584882,1.0327566
872,1.0713464,2.1412045,-0.1268437,-0.0979198,0.8770405
873,1.0562503,2.0967832,0.0982843,0.0310822,1.1522684
874,0.8806217,1.9275251,0.0617608,-0.1987759,0.839997
875,0.99414,1.9360095,-0.209398,-0.0876614,0.9751637
876,0.9895818,2.0277016,-0.0092584,-0.0303672,0.8752242
877,0.8715297,1.9933815,-0.0553511,0.0995398,0.931858
878,1.0661217,2.147965,0.1453788,-0.000785,0.9693824
879,1.0975101,2.0380853,-0.1949025,0.0952507,0.8635064
880,0.952114,1.8774822,0.0295188,-0.0275784,0.9316142
881,0.870165,1.8828893,0.0642781,-0.0902543,1.0395076
882,0.9922145,1.8443643,0.078697,-0.1417349,0.8393113
883,1.0326592,1.9571967,-0.0713369,-0.0521988,1.1535505
884,0.9726232,2.0773575,-0.0192983,0.015672,0.8894408
885,0.9055766,2.0813659,0.0227795,-0.0051002,0.8223799
886,0.9898494,2.1275134,0.0582051,-0.0780794,0.9681631
887,0.9596908,1.9015343,-0.0640726,0.0948698,1.0021681
888,1.0688487,2.1745008,-0.0336314,0.0412345,0.9731526
889,0.9573892,2.0171501,-0.000058,0.0092687,0.9415342
890,0.9637433,1.925718,0.0863928,0.0811811,1.0558803
891,0.7804648,1.9929707,0.0505017,0.0222893,0.9533762
892,1.0672464,2.0431413,0.0317106,0.2236102,0.8793975
893,0.9897748,1.9995349,0.0875233,-0.0815855,1.1026315
894,1.153363,2.0826946,-0.1913408,-0.1294878,1.0240187
895,0.8678077,2.0765196,-0.0245959,-0.0932396,0.9893018
896,1.0956749,1.9769937,0.2629629,0.0256481,0.9880611
897,1.1351408,2.1002448,-0.0245181,0.1800221,0.9412738
898,1.1976363,1.816941,-0.0325921,0.151397,1.1171031
899,0.9670628,1.7816194,0.0962103,-0.1108184,0.8556494
900,1.0157999,2.0300616,-0.004558,-0.0758276,1.0767023
901,0.9603279,1.9598609,-0.0040234,-0.1448257,1.0274459
902,0.9188096,1.8625869,0.0693536,0.1006931,1.1184443
903,1.0360829,2.0101451,-0.0259902,-0.0110315,0.967494
904,0.9260647,2.0526671,-0.0486694,-0.1486332,0.9488429
905,0.9420577,2.0012635,0.0673205,0.1403445,1.1101919
906,0.9935784,1.8918418,-0.0233855,0.0460114,1.0479085
907,1.0259878,2.1352625,0.0732923,0.0474555,0.9057636
908,1.1878503,1.9852644,0.0610786,-0.013855,1.1461201
909,1.0267595,1.9358126,-0.0031606,-0.2585386,1.0664379
910,1.0105631,1.995928,0.2567952,-0.0228164,1.0459054
911,1.0504875,1.9505343,0.0949846,0.1472568,0.9725691
912,0.9458438,2.105639,-0.2332694,-0.1154287,1.1797071
913,1.0068492,2.0544349,-0.1629941,0.2176896,1.0458533
914,1.031166,1.8852575,-0.0023973,0.082488,0.898962
915,1.1477383,2.1616282,0.1537037,0.0119231,1.0435406
916,0.8238185,1.8173666,-0.136778,0.1803755,1.0631683
917,1.0463435,1.9160809,-0.0592149,0.1153256,0.9393658
918,0.9292255,2.0120259,0.0769056,0.0551888,0.926939
919,1.0699725,1.9433899,0.0103567,-0.037336,1.2036067
920,1.147544,2.0626151,-0.03779,0.0136043,1.0606016
921,0.885957,2.0204267,0.1268078,0.1474216,0.7964642
922,0.9074537,1.9811366,-0.1048865,0.0160277,0.9728225
923,1.0771097,2.0260137,0.1475123,-0.0446285,1.2485083
924,0.9809664,1.8725041,-0.0578193,0.090519,1.0201608
925,0.939693,2.0785046,0.1319556,-0.2529284,0.9301456
926,0.8878797,1.8711132,-0.0693987,-0.1088595,0.881414
927,1.042118,1.8656295,-0.1703145,-0.0233321,1.0832458
928,1.0373149,1.9585898,0.0212535,-0.0351964,1.1119371
929,1.0212567,2.1433212,-0.0241389,0.0080992,0.9055235
930,1.0741112,1.939333,-0.0197275,-0.156707,1.0688468
931,1.0955322,1.9565405,-0.1035269,0.0031702,1.0809733
932,1.1307511,1.9022479,-0.0969804,0.0437049,0.9365863
933,0.8206222,1.9779088,0.1284331,-0.0221698,0.9654568
934,1.172345,1.9564798,-0.055831,0.0404591,0.9993052
935,0.8592428,2.0173867,-0.0075683,-0.1222151,0.9267136
936,0.8768885,1.9161176,0.0911254,0.0540432,0.9851115
937,0.9720287,1.9099934,-0.342998,0.029443,0.8464651
938,0.9548137,1.7762884,-0.0670393,-0.085532,1.0642083
939,0.9327293,1.9890132,0.0158616,0.0063001,1.0460773
940,0.9531117,1.9597618,0.1520443,0.0867125,1.0330777
941,0.8839285,1.9083441,-0.0938649,-0.0854103,1.0307051
942,0.9701666,2.1259671,-0.1059586,-0.172175,0.9470704
943,1.0133424,1.9847663,0.0071065,-0.0664227,1.1350927
944,0.8260351,1.9828033,0.1521541,0.0118832,1.0033841
945,1.0162211,2.0214953,0.0493065,0.147276,1.0232408
946,0.9311863,2.1899688,0.0689984,-0.0224964,0.871857
947,0.8043867,2.1289058,-0.0288003,-0.0445947,0.9169689
948,1.0638719,2.0000425,0.040181,-0.0752357,0.9873845
949,0.7065094,1.9678306,-0.0014757,-0.0201011,1.023452
950,0.9690387,1.9501733,0.0188965,0.0572274,1.006544
951,1.0658067,2.0683057,-0.04228,-0.052432,0.9407722
952,0.929586,1.8826461,-0.1568855,0.1359569,0.8595687
953,0.9637689,2.0079474,-0.164438,0.1604839,0.8234894
954,0.9769939,1.8240501,0.0202646,-0.0685887,0.9009974
955,1.0461006,2.0435582,0.0344758,-0.0796156,1.0219427
956,0.9497575,2.0785873,-0.0018751,0.0796734,0.8870285
957,0.9479334,1.9099952,-0.0296796,0.0376851,1.0187662
958,0.9457695,1.8643068,0.1164622,-0.0860281,0.8816929
959,1.0837238,1.8754383,0.0833865,0.0868101,1.1129928
960,0.9792647,1.9629158,-0.0490384,0.1319172,0.9629119
961,1.079492,1.9764529,0.0321895,-0.0066311,0.9099572
962,0.935735,2.0224286,-0.0534131,-0.1059242,0.9226804
963,1.1819062,1.97912,-0.047899,0.0371538,1.054665
964,0.6930175,1.8765878,-0.0480205,0.1174271,0.9431946
965,0.9881965,2.0271601,0.0603931,0.0606756,1.2724295
966,1.00069,2.1308436,0.0955328,-0.1908835,1.0837159
967,1.1140332,1.9401688,0.0571821,-0.0932631,1.0960631
968,0.8437536,2.0295718,0.0061568,0.0501237,0.9666921
969,0.7820781,1.8107406,-0.0412247,0.0861877,0.8895066
970,0.9983933,2.0344216,-0.0192473,-0.0059825,1.0655069
971,0.9169538,2.0196463,-0.1399059,0.0509462,1.0613729
972,0.8112996,1.9492738,0.1252556,-0.0064076,1.0295839
973,1.2543425,2.12988,-0.0057903,-0.0822012,0.9543667
974,1.0833532,2.0566044,-0.163504,-0.0668839,0.9386933
975,1.1154759,2.0124174,-0.2124947,-0.2084254,0.9549959
976,1.0468339,1.8889239,0.0365429,0.0273581,0.9622343
977,0.9758005,2.0591284,-0.0928111,-0.1455238,0.8484811
978,0.9074356,2.0314352,0.0171596,-0.0147051,1.0696538
979,1.1943119,2.0011598,-0.2036187,-0.0094111,0.9326921
980,1.1249807,2.2542917,-0.0086182,0.0895605,0.9736707
981,1.0004422,1.9796386,0.0253453,-0.0402135,1.0193326
982,0.9773029,1.9420876,0.0548076,0.0654828,1.0906586
983,0.9330861,1.9734084,-0.0161765,0.007668,1.0113467
984,1.0454405,2.2144568,-0.141782,0.0177465,1.0134201
985,0.969271,1.9622864,0.1817752,0.119157,0.8663957
986,0.8587981,2.0241603,0.0151379,-0.1103987,0.9616959
987,0.858124,1.995709,-0.0011596,-0.0724418,0.8520006
988,0.9001315,2.2294027,-0.1310416,-0.0052721,0.800307
989,0.9454014,1.9806738,0.078965,-0.0830005,0.9972011
990,0.9819799,1.8673507,0.2126942,-0.1624387,1.040233
991,1.0107414,1.9963919,-0.1484462,0.0357265,1.1859385
992,0.8472667,2.0879034,-0.064463,0.0581223,1.0325314
993,0.8975386,2.1926456,-0.0546475,0.1059064,0.9940352
994,1.0364879,2.1255075,-0.170171,0.0477245,1.1815319
995,1.1318459,1.9597543,-0.0268311,-0.0351684,0.9680035
996,1.0451735,2.0482154,-0.0257761,-0.2203272,0.950176
997,1.0996839,2.1550594,0.0215093,0.0361471,1.0476855
998,0.9521999,2.0844574,0.0530692,0.0721139,0.9859486
999,0.9719369,2.0754205,-0.0310972,-0.0453573,1.0402399
1000,0.8912047,2.0552269,-0.0884621,-0.1595513,0.9784692